Log,Provider,Event ID,Previous State,Final State,Script,Standalone,Auto Repair,Classification
Application,.NET Runtime,1026,Missing,Standalone,extras/event_viewer_fixes/Fix-Application-DotNet-Runtime-1026.ps1,Yes,No,Diagnostic
Application,Application Error,1000,Missing,Standalone,extras/event_viewer_fixes/Fix-Application-Application-Error-1000.ps1,Yes,No,Diagnostic
Application,Application Hang,1002,Missing,Standalone,extras/event_viewer_fixes/Fix-Application-Application-Hang-1002.ps1,Yes,No,Diagnostic
Application,MsiInstaller,11707,Missing,Standalone,extras/event_viewer_fixes/Fix-Application-MsiInstaller-11707.ps1,Yes,No,Diagnostic
Application,MsiInstaller,11708,Missing,Standalone,extras/event_viewer_fixes/Fix-Application-MsiInstaller-11708.ps1,Yes,No,Diagnostic
Application,Windows Error Reporting,1001,Missing,Standalone,extras/event_viewer_fixes/Fix-Application-Windows-Error-Reporting-1001.ps1,Yes,No,Diagnostic
Security,Microsoft-Windows-Security-Auditing,1102,Missing,Standalone,extras/event_viewer_fixes/Fix-Security-Microsoft-Windows-Security-Auditing-1102.ps1,Yes,No,Security Investigation Required
Security,Microsoft-Windows-Security-Auditing,4624,Missing,Standalone,extras/event_viewer_fixes/Fix-Security-Microsoft-Windows-Security-Auditing-4624.ps1,Yes,No,Informational
Security,Microsoft-Windows-Security-Auditing,4625,Missing,Standalone,extras/event_viewer_fixes/Fix-Security-Microsoft-Windows-Security-Auditing-4625.ps1,Yes,No,Security Investigation Required
Security,Microsoft-Windows-Security-Auditing,4634,Missing,Standalone,extras/event_viewer_fixes/Fix-Security-Microsoft-Windows-Security-Auditing-4634.ps1,Yes,No,Informational
Security,Microsoft-Windows-Security-Auditing,4647,Missing,Standalone,extras/event_viewer_fixes/Fix-Security-Microsoft-Windows-Security-Auditing-4647.ps1,Yes,No,Informational
Security,Microsoft-Windows-Security-Auditing,4648,Missing,Standalone,extras/event_viewer_fixes/Fix-Security-Microsoft-Windows-Security-Auditing-4648.ps1,Yes,No,Security Investigation Required
Security,Microsoft-Windows-Security-Auditing,4672,Missing,Standalone,extras/event_viewer_fixes/Fix-Security-Microsoft-Windows-Security-Auditing-4672.ps1,Yes,No,Security Investigation Required
Security,Microsoft-Windows-Security-Auditing,4688,Missing,Standalone,extras/event_viewer_fixes/Fix-Security-Microsoft-Windows-Security-Auditing-4688.ps1,Yes,No,Security Investigation Required
Security,Microsoft-Windows-Security-Auditing,4720,Missing,Standalone,extras/event_viewer_fixes/Fix-Security-Microsoft-Windows-Security-Auditing-4720.ps1,Yes,No,Security Investigation Required
Security,Microsoft-Windows-Security-Auditing,4726,Missing,Standalone,extras/event_viewer_fixes/Fix-Security-Microsoft-Windows-Security-Auditing-4726.ps1,Yes,No,Security Investigation Required
Security,Microsoft-Windows-Security-Auditing,4732,Missing,Standalone,extras/event_viewer_fixes/Fix-Security-Microsoft-Windows-Security-Auditing-4732.ps1,Yes,No,Security Investigation Required
Security,Microsoft-Windows-Security-Auditing,4733,Missing,Standalone,extras/event_viewer_fixes/Fix-Security-Microsoft-Windows-Security-Auditing-4733.ps1,Yes,No,Security Investigation Required
Security,Microsoft-Windows-Security-Auditing,4740,Missing,Standalone,extras/event_viewer_fixes/Fix-Security-Microsoft-Windows-Security-Auditing-4740.ps1,Yes,No,Security Investigation Required
System,*,243,Existing / Needs Improvement,Standalone,extras/event_viewer_fixes/Fix-System-Event-243.ps1,Yes,No,Diagnostic
System,Disk,7,Missing,Standalone,extras/event_viewer_fixes/Fix-System-Disk-7.ps1,Yes,No,Hardware Investigation Required
System,Disk,11,Missing,Standalone,extras/event_viewer_fixes/Fix-System-Disk-11.ps1,Yes,No,Hardware Investigation Required
System,Disk,15,Missing,Standalone,extras/event_viewer_fixes/Fix-System-Disk-15.ps1,Yes,No,Hardware Investigation Required
System,Disk,51,Missing,Standalone,extras/event_viewer_fixes/Fix-System-Disk-51.ps1,Yes,No,Hardware Investigation Required
System,Disk,153,Missing,Standalone,extras/event_viewer_fixes/Fix-System-Disk-153.ps1,Yes,No,Hardware Investigation Required
System,Disk,157,Missing,Standalone,extras/event_viewer_fixes/Fix-System-Disk-157.ps1,Yes,No,Diagnostic
System,EventLog,6005,Missing,Standalone,extras/event_viewer_fixes/Fix-System-EventLog-6005.ps1,Yes,No,Informational
System,EventLog,6006,Missing,Standalone,extras/event_viewer_fixes/Fix-System-EventLog-6006.ps1,Yes,No,Informational
System,EventLog,6008,Missing,Standalone,extras/event_viewer_fixes/Fix-System-EventLog-6008.ps1,Yes,No,Diagnostic
System,EventLog,6009,Missing,Standalone,extras/event_viewer_fixes/Fix-System-EventLog-6009.ps1,Yes,No,Informational
System,Microsoft-Windows-DNS-Client,1014,Missing,Standalone,extras/event_viewer_fixes/Fix-System-Microsoft-Windows-DNS-Client-1014.ps1,Yes,Conditional,Conditionally Repairable
System,Microsoft-Windows-DriverFrameworks-UserMode,10110,Missing,Standalone,extras/event_viewer_fixes/Fix-System-Microsoft-Windows-DriverFrameworks-UserMode-10110.ps1,Yes,No,Diagnostic
System,Microsoft-Windows-DriverFrameworks-UserMode,10111,Missing,Standalone,extras/event_viewer_fixes/Fix-System-Microsoft-Windows-DriverFrameworks-UserMode-10111.ps1,Yes,No,Diagnostic
System,Microsoft-Windows-Kernel-General,12,Missing,Standalone,extras/event_viewer_fixes/Fix-System-Microsoft-Windows-Kernel-General-12.ps1,Yes,No,Informational
System,Microsoft-Windows-Kernel-General,13,Missing,Standalone,extras/event_viewer_fixes/Fix-System-Microsoft-Windows-Kernel-General-13.ps1,Yes,No,Informational
System,Microsoft-Windows-Kernel-PnP,219,Missing,Standalone,extras/event_viewer_fixes/Fix-System-Microsoft-Windows-Kernel-PnP-219.ps1,Yes,No,Diagnostic
System,Microsoft-Windows-Kernel-Power,41,Missing,Standalone,extras/event_viewer_fixes/Fix-System-Microsoft-Windows-Kernel-Power-41.ps1,Yes,No,Diagnostic
System,Microsoft-Windows-WER-SystemErrorReporting,1001,Missing,Standalone,extras/event_viewer_fixes/Fix-System-Microsoft-Windows-WER-SystemErrorReporting-1001.ps1,Yes,No,Diagnostic
System,Microsoft-Windows-WHEA-Logger,1,Missing,Standalone,extras/event_viewer_fixes/Fix-System-Microsoft-Windows-WHEA-Logger-1.ps1,Yes,No,Hardware Investigation Required
System,Microsoft-Windows-WHEA-Logger,17,Missing,Standalone,extras/event_viewer_fixes/Fix-System-Microsoft-Windows-WHEA-Logger-17.ps1,Yes,No,Diagnostic
System,Microsoft-Windows-WHEA-Logger,18,Missing,Standalone,extras/event_viewer_fixes/Fix-System-Microsoft-Windows-WHEA-Logger-18.ps1,Yes,No,Hardware Investigation Required
System,Microsoft-Windows-WHEA-Logger,19,Missing,Standalone,extras/event_viewer_fixes/Fix-System-Microsoft-Windows-WHEA-Logger-19.ps1,Yes,No,Diagnostic
System,Microsoft-Windows-WHEA-Logger,20,Missing,Standalone,extras/event_viewer_fixes/Fix-System-Microsoft-Windows-WHEA-Logger-20.ps1,Yes,No,Hardware Investigation Required
System,Ntfs,55,Missing,Standalone,extras/event_viewer_fixes/Fix-System-Ntfs-55.ps1,Yes,Conditional,Conditionally Repairable
System,Ntfs,98,Missing,Standalone,extras/event_viewer_fixes/Fix-System-Ntfs-98.ps1,Yes,Conditional,Conditionally Repairable
System,Ntfs,140,Missing,Standalone,extras/event_viewer_fixes/Fix-System-Ntfs-140.ps1,Yes,Conditional,Conditionally Repairable
System,Service Control Manager,7000,Missing,Standalone,extras/event_viewer_fixes/Fix-System-Service-Control-Manager-7000.ps1,Yes,Conditional,Conditionally Repairable
System,Service Control Manager,7001,Missing,Standalone,extras/event_viewer_fixes/Fix-System-Service-Control-Manager-7001.ps1,Yes,Conditional,Conditionally Repairable
System,Service Control Manager,7009,Missing,Standalone,extras/event_viewer_fixes/Fix-System-Service-Control-Manager-7009.ps1,Yes,No,Diagnostic
System,Service Control Manager,7011,Missing,Standalone,extras/event_viewer_fixes/Fix-System-Service-Control-Manager-7011.ps1,Yes,No,Diagnostic
System,Service Control Manager,7023,Missing,Standalone,extras/event_viewer_fixes/Fix-System-Service-Control-Manager-7023.ps1,Yes,Conditional,Conditionally Repairable
System,Service Control Manager,7024,Missing,Standalone,extras/event_viewer_fixes/Fix-System-Service-Control-Manager-7024.ps1,Yes,Conditional,Conditionally Repairable
System,Service Control Manager,7030,Existing / Needs Improvement,Standalone,extras/event_viewer_fixes/Fix-System-Service-Control-Manager-7030.ps1,Yes,No,Diagnostic
System,Service Control Manager,7031,Missing,Standalone,extras/event_viewer_fixes/Fix-System-Service-Control-Manager-7031.ps1,Yes,Conditional,Conditionally Repairable
System,Service Control Manager,7034,Missing,Standalone,extras/event_viewer_fixes/Fix-System-Service-Control-Manager-7034.ps1,Yes,Conditional,Conditionally Repairable
System,Service Control Manager,7045,Missing,Standalone,extras/event_viewer_fixes/Fix-System-Service-Control-Manager-7045.ps1,Yes,No,Diagnostic
System,User32,1074,Missing,Standalone,extras/event_viewer_fixes/Fix-System-User32-1074.ps1,Yes,No,Diagnostic
System,storahci,129,Missing,Standalone,extras/event_viewer_fixes/Fix-System-storahci-129.ps1,Yes,No,Diagnostic
System,stornvme,129,Missing,Standalone,extras/event_viewer_fixes/Fix-System-stornvme-129.ps1,Yes,No,Diagnostic
